date,capital,daily_pnl,regime,pnl_chronos,weight_chronos,pnl_deep_ofi,weight_deep_ofi,pnl_kalman,weight_kalman
2020-12-17 00:00:00+00:00,999.5446646005535,-0.45533539944657153,BULL_TREND,1.3511716068392166,0.0,62.27038527983976,1.0,85.12745856271538,0.0
2020-12-18 00:00:00+00:00,997.0489213835256,-2.4957432170278695,BULL_TREND,0.4012360287627081,0.0,-41.43254597132715,1.0,19.167310256573277,0.0
2020-12-21 00:00:00+00:00,999.5606316911742,2.5117103076486096,BULL_TREND,-6.11631597598354,0.0,-4.159860537161714,1.0,-111.59942377984395,0.0
2020-12-22 00:00:00+00:00,1007.1684301911603,7.6077984999860835,BULL_TREND,4.274845511950215,0.0,167.84426767320534,1.0,25.15048496463239,0.0
2020-12-23 00:00:00+00:00,1006.2622236542971,-0.9062065368631572,BULL_TREND,-6.194378108555513,0.0,-64.32192202371014,1.0,-93.47041510175364,0.0
2020-12-24 00:00:00+00:00,1004.7554053562864,-1.5068182980107678,BULL_TREND,1.4498258659595185,0.0,23.303313195189393,1.0,74.63076264822108,0.0
2020-12-28 00:00:00+00:00,1000.035692495986,-4.719712860300333,BULL_TREND,1.9317061973913192,0.0,70.02434744219389,1.0,-14.99666489855755,0.0
2020-12-29 00:00:00+00:00,995.1555235111032,-4.88016898488287,BULL_TREND,-0.21407464385693487,0.0,-82.68096679152399,1.0,-21.12647869274439,0.0
2020-12-30 00:00:00+00:00,991.543459833433,-3.6120636776702697,BULL_TREND,2.037793948952996,0.0,-83.30780054361868,1.0,106.4878138655529,0.0
2020-12-31 00:00:00+00:00,988.4435372994666,-3.0999225339663483,BULL_TREND,1.4986759435338763,0.0,10.054373120800046,1.0,46.463222932529995,0.0
2021-01-04 00:00:00+00:00,990.2615428506814,1.818005551214812,BULL_TREND,-1.460092694262815,0.0,96.12097146351988,1.0,19.22205433396364,0.0
2021-01-05 00:00:00+00:00,989.5117734110347,-0.7497694396466633,BULL_TREND,-2.9450682280115563,0.0,4.33203027683172,1.0,-49.751083716816794,0.0
2021-01-06 00:00:00+00:00,994.1121357310612,4.6003623200265595,BULL_TREND,7.912594365418439,0.0,280.5070109870678,1.0,230.1181251929215,0.0
2021-01-07 00:00:00+00:00,1002.9066738356938,8.794538104632574,BULL_TREND,3.520150094211229,0.0,118.41494558402906,1.0,240.3636339925981,0.0
2021-01-08 00:00:00+00:00,1007.9239280405701,5.017254204876303,BULL_TREND,1.5897713208893047,0.0,201.50364016841363,1.0,247.236006202899,0.0
2021-01-11 00:00:00+00:00,1013.9155218992702,5.9915938587001225,BULL_TREND,-1.6529761755956345,0.0,-278.61936156784157,1.0,-263.5221503462315,0.0
2021-01-12 00:00:00+00:00,1022.4692851726644,8.55376327339417,BULL_TREND,1.5682751126471246,0.0,170.8568498635275,1.0,127.27849938996737,0.0
2021-01-13 00:00:00+00:00,1021.9601605387851,-0.5091246338793102,BULL_TREND,-0.6458749667571544,0.0,5.966250161662771,1.0,-2.57351577027625,0.0
2021-01-14 00:00:00+00:00,1019.6757970589384,-2.284363479846686,BULL_TREND,4.521202828458649,0.0,96.85119361033165,1.0,159.18171752163948,0.0
2021-01-15 00:00:00+00:00,1016.3102067194603,-3.3655903394780924,BULL_TREND,-4.0928026683659935,0.0,-86.5243769452372,1.0,-111.46029579572681,0.0
2021-01-19 00:00:00+00:00,1015.5085248281702,-0.80168189129019,BULL_TREND,-0.15441513390418132,0.0,-28.840190963381286,1.0,122.75660710335538,0.0
2021-01-20 00:00:00+00:00,1018.2852589089629,2.7767340807927283,BULL_TREND,-0.7651408666089726,0.0,-79.02352397351027,1.0,-186.0638799180945,0.0
2021-01-21 00:00:00+00:00,1020.536181392939,2.250922483976194,BULL_TREND,3.0633120748535503,0.0,1.3817958151997964,1.0,-56.155762168537144,0.0
2021-01-22 00:00:00+00:00,1030.5808435883064,10.044662195367405,BULL_TREND,3.496684004495817,0.0,19.080416118615,1.0,71.22963940152553,0.0
2021-01-25 00:00:00+00:00,1033.022923664391,2.4420800760846557,BULL_TREND,5.285511351468477,0.0,63.60725691040475,1.0,145.46439956321703,0.0
2021-01-26 00:00:00+00:00,1033.9873281631817,0.964404498790672,BULL_TREND,4.1401614713148795,0.0,81.502195385796,1.0,20.441080861407443,0.0
2021-01-27 00:00:00+00:00,1042.2331689247956,8.245840761613845,BULL_TREND,3.0775185484284577,0.0,25.044671717908358,1.0,22.028102575888667,0.0
2021-01-28 00:00:00+00:00,1048.0284061683788,5.795237243583094,BULL_TREND,-10.07492425698001,0.0,-290.8669971700293,1.0,-250.68774833816408,0.0
2021-01-29 00:00:00+00:00,1042.5686512181626,-5.4597549502162535,BULL_TREND,2.756637780814445,0.0,-42.766118189351495,1.0,-82.73012377287861,0.0
2021-02-01 00:00:00+00:00,1046.9540502064478,4.385398988285209,BULL_TREND,-0.8814810080226564,0.0,-13.7034934308726,1.0,5.418644067991829,0.0
2021-02-02 00:00:00+00:00,1053.7875367524684,6.833486546020624,BULL_TREND,4.0314548198027325,0.0,-2.878533955109181,1.0,-54.9097330658075,0.0
2021-02-03 00:00:00+00:00,1056.0139745991798,2.226437846711442,BULL_TREND,-2.322558618883498,0.0,43.53753516619931,1.0,-84.59101840849021,0.0
2021-02-04 00:00:00+00:00,1061.905345437988,5.891370838808256,BULL_TREND,2.693181218954175,0.0,-73.15137032235509,1.0,0.15306084671359166,0.0
2021-02-05 00:00:00+00:00,1060.975672417203,-0.9296730207850669,BULL_TREND,0.21952076224141187,0.0,38.456649348563246,1.0,43.918987934367,0.0
2021-02-08 00:00:00+00:00,1060.5707399054863,-0.40493251171673167,BULL_TREND,-3.3210327583859325,0.0,-17.256126511224387,1.0,37.91464992825162,0.0
2021-02-09 00:00:00+00:00,1059.0198636546218,-1.5508762508644796,BULL_TREND,-3.864529430175073,0.0,-96.62426667278294,1.0,-115.29496764252771,0.0
2021-02-10 00:00:00+00:00,1057.7796356247136,-1.2402280299082014,BULL_TREND,1.4508824870077406,0.0,-17.780976299250124,1.0,46.29105686218413,0.0
2021-02-11 00:00:00+00:00,1056.0458776960168,-1.7337579286968265,BULL_TREND,-0.4173270737601618,0.0,78.73976675898889,1.0,75.7124928361505,0.0
2021-02-12 00:00:00+00:00,1057.7019181293106,1.656040433293749,BULL_TREND,0.4261721158274425,0.0,-62.18707750727187,1.0,-43.37131001548831,0.0
2021-02-16 00:00:00+00:00,1063.5481545095327,5.846236380222031,BULL_TREND,3.1013946614439187,0.0,221.0956636324123,1.0,164.4963514137473,0.0
2021-02-17 00:00:00+00:00,1062.4863601400957,-1.0617943694370282,BULL_TREND,-2.9112272932048278,0.0,-12.511384007114337,1.0,-146.81242003045995,0.0
2021-02-18 00:00:00+00:00,1058.8132071121531,-3.673153027942619,BULL_TREND,-5.847504121835092,0.0,-3.3111693637003388,1.0,-68.28789448548103,0.0
2021-02-19 00:00:00+00:00,1058.849260392463,0.036053280309870955,BULL_TREND,3.858487541954831,0.0,-38.276474921945905,1.0,111.89902629276712,0.0
2021-02-22 00:00:00+00:00,1054.6593762929201,-4.189884099542979,BULL_TREND,2.4006663856176576,0.0,144.9981680480934,1.0,83.81996465096947,0.0
2021-02-23 00:00:00+00:00,1049.4528313292508,-5.206544963669275,BULL_TREND,4.255302058824733,0.0,81.28192345493008,1.0,123.75555555696968,0.0
2021-02-24 00:00:00+00:00,1051.742196752636,2.2893654233850054,BULL_TREND,6.176051303783063,0.0,29.994165542904003,1.0,118.41632129762354,0.0
2021-02-25 00:00:00+00:00,1052.7570278172957,1.0148310646598946,BULL_TREND,-2.9767402994064813,0.0,145.66483974649378,1.0,25.693617566239567,0.0
2021-02-26 00:00:00+00:00,1050.1818762838254,-2.5751515334701947,BULL_TREND,-7.106985259905369,0.0,-135.277091534153,1.0,-159.48179498431455,0.0
2021-03-01 00:00:00+00:00,1056.0936832453508,5.911806961525283,BULL_TREND,1.7359056333922063,0.0,-227.45255821383583,1.0,-85.40248266004711,0.0
2021-03-02 00:00:00+00:00,1056.7170711283911,0.6233878830402148,BULL_TREND,-2.0391466900365423,0.0,76.1839284068801,1.0,93.50462398717309,0.0
2021-03-03 00:00:00+00:00,1053.6717067352029,-3.0453643931883665,BULL_TREND,5.830163353826761,0.0,181.99389256294674,1.0,289.80275650384374,0.0
2021-03-04 00:00:00+00:00,1044.8301556964548,-8.84155103874812,BULL_TREND,1.4816852631855901,0.0,117.22115115121083,1.0,112.55442203070157,0.0
2021-03-05 00:00:00+00:00,1043.087051493127,-1.7431042033276298,BULL_TREND,10.35867162581101,0.0,234.49298476327132,1.0,324.02947015564274,0.0
2021-03-08 00:00:00+00:00,1044.223345119545,1.1362936264179193,BULL_TREND,18.02810093963421,0.0,352.8055392887747,1.0,493.9089197762872,0.0
2021-03-09 00:00:00+00:00,1055.394081380848,11.170736261303155,BULL_TREND,-27.753833353698884,0.0,-922.456166911766,1.0,-963.9133240272168,0.0
2021-03-10 00:00:00+00:00,1049.3996483659992,-5.994433014848935,BULL_TREND,-0.6017111111437805,0.0,57.94522056306396,1.0,121.53746022514423,0.0
2021-03-11 00:00:00+00:00,1049.6579997860472,0.25835142004797224,BULL_TREND,-9.085214974408153,0.0,21.892191067773815,1.0,-328.31806324722373,0.0
2021-03-12 00:00:00+00:00,1048.6153141853372,-1.0426856007099126,BULL_TREND,-7.244970935645887,0.0,-27.999746271628858,1.0,11.770984088162862,0.0
2021-03-15 00:00:00+00:00,1044.819179434577,-3.7961347507601735,BULL_TREND,-4.765249700141236,0.0,63.910094881534874,1.0,-213.45892385315886,0.0
2021-03-16 00:00:00+00:00,1044.5026074211369,-0.3165720134402142,BULL_TREND,1.3405352583156254,0.0,-200.81871876429213,1.0,-83.44663185388134,0.0
2021-03-17 00:00:00+00:00,1044.741829233269,0.23922181213215943,BULL_TREND,0.7253721765195068,0.0,96.9292810293686,1.0,19.976230842964796,0.0
2021-03-18 00:00:00+00:00,1045.749713830489,1.0078845972200732,BULL_TREND,-9.024658863931927,0.0,-197.6700393738186,1.0,-41.65679591083696,0.0
2021-03-19 00:00:00+00:00,1049.791884291194,4.042170460705031,BULL_TREND,4.475758590630795,0.0,120.02470064696169,1.0,-34.8949125443541,0.0
2021-03-22 00:00:00+00:00,1054.8806197076567,5.088735416462676,BULL_TREND,0.5237538418664418,0.0,-23.23391132854614,1.0,-101.7866200448195,0.0
2021-03-23 00:00:00+00:00,1063.9962975817875,9.115677874130757,BULL_TREND,1.7108788322693007,0.0,24.485027039978448,1.0,13.398750491271329,0.0
2021-03-24 00:00:00+00:00,1063.5896640723772,-0.4066335094102417,BULL_TREND,-5.920839446391381,0.0,-98.021418016731,1.0,29.678079504274756,0.0
2021-03-25 00:00:00+00:00,1058.620774348228,-4.968889724149207,BULL_TREND,3.584967468980228,0.0,-31.354307978816216,1.0,24.99253032772605,0.0
2021-03-26 00:00:00+00:00,1057.9796121170782,-0.6411622311498852,BULL_TREND,3.940828374708461,0.0,41.79450224092076,1.0,104.04410404758605,0.0
2021-03-29 00:00:00+00:00,1055.429455396244,-2.5501567208341474,BULL_TREND,-1.5932535448859215,0.0,-2.924535851293022,1.0,22.94595771061216,0.0
2021-03-30 00:00:00+00:00,1060.6796216987684,5.250166302524257,BULL_TREND,-5.751318792703958,0.0,-207.3633412923882,1.0,-211.3070442167165,0.0
2021-03-31 00:00:00+00:00,1053.467061505612,-7.212560193156332,BULL_TREND,-4.640541986351926,0.0,-271.18902695213114,1.0,-224.33717864085844,0.0
2021-04-01 00:00:00+00:00,1049.5800090651153,-3.8870524404966784,BULL_TREND,5.112120838454274,0.0,-110.07814151009839,1.0,-113.36728256966454,0.0
2021-04-05 00:00:00+00:00,1046.590458388473,-2.9895506766422826,BULL_TREND,6.438540818891644,0.0,110.71582285723207,1.0,132.27212441773258,0.0
2021-04-06 00:00:00+00:00,1047.818775189746,1.2283168012729582,BULL_TREND,1.2046847834108374,0.0,27.72242710428005,1.0,16.43833945055726,0.0
2021-04-07 00:00:00+00:00,1044.9345962880354,-2.884178901710695,BULL_TREND,1.683995777167032,0.0,-59.841889023808655,1.0,24.268392268460296,0.0
2021-04-08 00:00:00+00:00,1046.9601508774363,2.0255545894007523,BULL_TREND,3.8215325207466324,0.0,137.27283907123473,1.0,52.194200916523705,0.0
2021-04-09 00:00:00+00:00,1042.093621231234,-4.86652964620224,BULL_TREND,3.1737336409132944,0.0,31.103943562616063,1.0,13.856774843791806,0.0
2021-04-12 00:00:00+00:00,1042.9917875120277,0.8981662807937406,BULL_TREND,-1.183173261718597,0.0,-26.97629448103162,1.0,54.68077221147927,0.0
2021-04-13 00:00:00+00:00,1047.2563995461983,4.264612034170621,BULL_TREND,10.488600199112767,0.0,236.96994765123682,1.0,196.11539494008565,0.0
2021-04-14 00:00:00+00:00,1049.7433579285341,2.486958382335955,BULL_TREND,-10.008630881519009,0.0,-212.85697835471728,1.0,-258.91786738230803,0.0
2021-04-15 00:00:00+00:00,1046.4888965927564,-3.254461335777772,BULL_TREND,7.065513892836459,0.0,157.21452249093193,1.0,210.81984177801513,0.0
2021-04-16 00:00:00+00:00,1042.2479408113898,-4.240955781366707,BULL_TREND,-2.974360924725639,0.0,-109.27039578484425,1.0,-128.46861985633507,0.0
2021-04-19 00:00:00+00:00,1041.5454212395964,-0.7025195717933146,BULL_TREND,-2.4028525803214893,0.0,-222.04761349619926,1.0,-146.44661170277098,0.0
2021-04-20 00:00:00+00:00,1038.3004229362205,-3.244998303375878,BULL_TREND,-2.8751978230163044,0.0,-118.31246136523838,1.0,-27.212081441063855,0.0
2021-04-21 00:00:00+00:00,1040.473943340589,2.1735204043684337,BULL_TREND,-1.23933031067709,0.0,-139.61083675090586,1.0,10.091029170188333,0.0
2021-04-22 00:00:00+00:00,1039.5464763535967,-0.9274669869922075,BULL_TREND,-3.6461060309120494,0.0,-87.4017033935702,1.0,-79.24538924715013,0.0
2021-04-23 00:00:00+00:00,1040.2019401211662,0.6554637675694595,BULL_TREND,-0.4726786128012036,0.0,22.533292931587628,1.0,15.463121465389001,0.0
2021-04-26 00:00:00+00:00,1037.4145863486972,-2.78735377246905,BULL_TREND,3.502552272351733,0.0,-85.76802381534269,1.0,-3.3800292821884304,0.0
2021-04-27 00:00:00+00:00,1033.498135336394,-3.916451012303336,BULL_TREND,-4.818866176376882,0.0,-40.09015231371,1.0,-66.66063537584624,0.0
2021-04-28 00:00:00+00:00,1038.6611597684519,5.163024432057881,BULL_TREND,0.8090736844436822,0.0,29.372080712234037,1.0,48.41313441578627,0.0
2021-04-29 00:00:00+00:00,1041.1945222722566,2.5333625038046366,BULL_TREND,4.716334612477134,0.0,322.5788175638033,1.0,21.187019536852638,0.0
2021-04-30 00:00:00+00:00,1041.1194156580907,-0.0751066141657666,BULL_TREND,-10.06730360603699,0.0,-202.9200890381294,1.0,-288.1386996549332,0.0
2021-05-03 00:00:00+00:00,1038.493765179812,-2.625650478278576,BULL_TREND,1.9809554399614488,0.0,-74.16825529636766,1.0,-56.41925229549928,0.0
2021-05-04 00:00:00+00:00,1046.3952010438518,7.901435864039682,BULL_TREND,8.298951734145794,0.0,62.23700638563335,1.0,114.2498877353603,0.0
2021-05-05 00:00:00+00:00,1046.4072269780947,0.012025934242993516,BULL_TREND,5.965695488512421,0.0,-27.03304695885042,1.0,82.72920029907276,0.0
2021-05-06 00:00:00+00:00,1048.5815518161148,2.174324838020114,BULL_TREND,0.9443654235564946,0.0,22.94204835544923,1.0,15.76842252355709,0.0
2021-05-07 00:00:00+00:00,1046.7814744183406,-1.8000773977743092,BULL_TREND,0.30007554714701284,0.0,22.80122783836833,1.0,-13.384467836072757,0.0
2021-05-10 00:00:00+00:00,1058.311730914031,11.530256495690224,BULL_TREND,7.788201104179789,0.0,348.3944225878695,1.0,314.87611192942734,0.0
2021-05-11 00:00:00+00:00,1059.296469027526,0.9847381134950809,BULL_TREND,-9.007147247332162,0.0,-48.38717627138065,1.0,-226.95980062984637,0.0
2021-05-12 00:00:00+00:00,1059.3251458056839,0.028676778157947336,BULL_TREND,6.398746425758486,0.0,146.13682946148853,1.0,267.27803260120277,0.0
2021-05-13 00:00:00+00:00,1060.1058998722808,0.7807540665969356,BULL_TREND,3.738218593847668,0.0,181.65282943669658,1.0,160.83081499039756,0.0
2021-05-14 00:00:00+00:00,1065.0095352161657,4.903635343884947,BULL_TREND,-8.944637220945058,0.0,-190.76981823441056,1.0,-229.954817559239,0.0
2021-05-17 00:00:00+00:00,1067.6630348029696,2.653499586803925,BULL_TREND,2.5949723575137362,0.0,127.62354308986748,1.0,138.24626323879468,0.0
2021-05-18 00:00:00+00:00,1066.6232400683705,-1.0397947345991514,BULL_TREND,-5.513225732978535,0.0,-54.92719892717051,1.0,-83.02709741306487,0.0
2021-05-19 00:00:00+00:00,1068.5276900795463,1.9044500111758595,BULL_TREND,1.1187056159937634,0.0,119.28511342908983,1.0,8.384197970998342,0.0
2021-05-20 00:00:00+00:00,1068.012330961779,-0.5153591177672159,BULL_TREND,-1.7310979690153585,0.0,-89.80140306354002,1.0,-215.74849124229425,0.0
2021-05-21 00:00:00+00:00,1062.5920300168705,-5.4203009449085044,BULL_TREND,-1.4482552377348223,0.0,-57.35656222210378,1.0,41.39551065205413,0.0
2021-05-24 00:00:00+00:00,1066.5376802674798,3.9456502506094213,BULL_TREND,0.7305838749859486,0.0,6.005498539122724,1.0,-105.37048239182268,0.0
2021-05-25 00:00:00+00:00,1066.060521393545,-0.47715887393468176,BULL_TREND,0.7834170358441109,0.0,73.32692169210527,1.0,16.007695124153006,0.0
2021-05-26 00:00:00+00:00,1065.2363783092017,-0.8241430843434334,BULL_TREND,3.5060447735296956,0.0,73.33633791779845,1.0,10.136772767518982,0.0
2021-05-27 00:00:00+00:00,1061.2684125431879,-3.9679657660137813,BULL_TREND,0.8223391835823268,0.0,72.57162642195891,1.0,-35.93839422923458,0.0
2021-05-28 00:00:00+00:00,1060.3020545931556,-0.9663579500321793,BULL_TREND,1.335777396660382,0.0,12.027924710754677,1.0,80.24536288780132,0.0
2021-06-01 00:00:00+00:00,1056.316096074784,-3.9859585183716955,BULL_TREND,2.0356818076420415,0.0,33.41041523321388,1.0,11.820120972054676,0.0
2021-06-02 00:00:00+00:00,1056.2514837096326,-0.06461236515132887,BULL_TREND,0.7936789160591252,0.0,-63.259347222460505,1.0,55.72465165025568,0.0
2021-06-03 00:00:00+00:00,1052.7801823737443,-3.4713013358882403,BULL_TREND,1.029488356006605,0.0,-27.648499868455293,1.0,89.9214733065608,0.0
2021-06-04 00:00:00+00:00,1057.51405525364,4.7338728798956256,BULL_TREND,-1.1559382358222345,0.0,-32.582258576411114,1.0,29.1567080601996,0.0
2021-06-07 00:00:00+00:00,1055.9547624531706,-1.559292800469472,BULL_TREND,3.8113068204693468,0.0,23.72976848638311,1.0,85.6452332658168,0.0
2021-06-08 00:00:00+00:00,1056.2094258385541,0.2546633853834799,BULL_TREND,-1.6575573476265215,0.0,-29.448813677314966,1.0,-61.46220591732502,0.0
2021-06-09 00:00:00+00:00,1054.0088646482045,-2.2005611903495406,BULL_TREND,-0.3715423412875903,0.0,99.79367010506492,1.0,-16.49887149975527,0.0
2021-06-10 00:00:00+00:00,1048.4461288039297,-5.562735844274779,BULL_TREND,6.784900589698041,0.0,107.15066966622864,1.0,69.7479394870664,0.0
2021-06-11 00:00:00+00:00,1048.2404714761847,-0.2056573277450278,BULL_TREND,-4.119593997927379,0.0,-204.0349611725893,1.0,-132.9145550521471,0.0
2021-06-14 00:00:00+00:00,1048.4598651853357,0.2193937091510158,BULL_TREND,1.0452464353455235,0.0,33.805679941904394,1.0,82.81310071158862,0.0
2021-06-15 00:00:00+00:00,1048.636956727956,0.17709154262021032,BULL_TREND,-3.202863116474353,0.0,-8.955789184773288,1.0,-68.93904079281486,0.0
2021-06-16 00:00:00+00:00,1046.935257109278,-1.7016996186779367,BULL_TREND,0.6144908734803516,0.0,47.15345028998481,1.0,-15.707689887031487,0.0
2021-06-17 00:00:00+00:00,1047.9225907940952,0.9873336848173514,BULL_TREND,6.27971346864946,0.0,170.86466233723306,1.0,234.2712737200719,0.0
2021-06-18 00:00:00+00:00,1059.4131819797217,11.490591185626421,BULL_TREND,5.251905612710107,0.0,116.3746227625599,1.0,120.20185650030258,0.0
2021-06-21 00:00:00+00:00,1059.1152024402068,-0.29797953951498063,BULL_TREND,-5.730678379524579,0.0,-139.14243218719258,1.0,-184.34671780047765,0.0
2021-06-22 00:00:00+00:00,1062.4655369798922,3.350334539685496,BULL_TREND,3.6146100036279503,0.0,83.79760173065131,1.0,110.5407086107046,0.0
2021-06-23 00:00:00+00:00,1066.9968041635636,4.531267183671421,BULL_TREND,-1.6149618578455291,0.0,109.26640555090854,1.0,66.00719525625362,0.0
2021-06-24 00:00:00+00:00,1068.7300231571962,1.733218993632639,BULL_TREND,-3.3424882607305255,0.0,50.77234806818115,1.0,45.17196088556432,0.0
2021-06-25 00:00:00+00:00,1067.7888998920714,-0.9411232651247352,BULL_TREND,-1.5227144531541137,0.0,-106.94366104911353,1.0,-159.85423437599167,0.0
2021-06-28 00:00:00+00:00,1065.456182722853,-2.332717169218296,BULL_TREND,4.840407784188336,0.0,41.42434810970511,1.0,229.17869238394434,0.0
2021-06-29 00:00:00+00:00,1067.8326093462397,2.3764266233866245,BULL_TREND,0.5762197398735619,0.0,-40.36915235210599,1.0,14.650737888529942,0.0
2021-06-30 00:00:00+00:00,1067.3494973307584,-0.4831120154813029,BULL_TREND,-3.5441427723347614,0.0,-37.986015588238004,1.0,-118.07064669038319,0.0
2021-07-01 00:00:00+00:00,1065.5520141323107,-1.7974831984477682,BULL_TREND,-1.705165314540696,0.0,-3.8365773612309098,1.0,-25.081213377571576,0.0
2021-07-02 00:00:00+00:00,1062.1378278800473,-3.414186252263314,BULL_TREND,0.5662944995699697,0.0,12.936381522501026,1.0,42.89165609984594,0.0
2021-07-06 00:00:00+00:00,1060.7638899096871,-1.3739379703601502,BULL_TREND,6.053393898195693,0.0,53.32902300085718,1.0,110.06723830958013,0.0
2021-07-07 00:00:00+00:00,1058.7364295132893,-2.0274603963978204,BULL_TREND,1.6066978344829548,0.0,131.33426795238628,1.0,-24.4048989284318,0.0
2021-07-08 00:00:00+00:00,1063.7372704910997,5.000840977810505,BULL_TREND,0.13442705440756414,0.0,-38.29334687991945,1.0,-26.41532245183257,0.0
2021-07-09 00:00:00+00:00,1060.3304247961985,-3.4068456949012837,BULL_TREND,-5.192571044328725,0.0,-32.40318227846898,1.0,-155.29162125925384,0.0
2021-07-12 00:00:00+00:00,1052.543524946852,-7.7868998493466135,BULL_TREND,-2.0960141935942658,0.0,-99.158788642092,1.0,-14.919398771028202,0.0
2021-07-13 00:00:00+00:00,1049.6569500657158,-2.886574881136186,BULL_TREND,-3.4146277671824192,0.0,18.79277298631469,1.0,-128.12613303348903,0.0
2021-07-14 00:00:00+00:00,1048.0852598463953,-1.571690219320645,BULL_TREND,5.862275357336281,0.0,150.27915058168767,1.0,56.24459662164461,0.0
2021-07-15 00:00:00+00:00,1048.3847501335167,0.29949028712133086,BULL_TREND,3.138019851349384,0.0,31.404415907009053,1.0,-18.637664482868487,0.0
2021-07-16 00:00:00+00:00,1048.6789171690764,0.29416703555961243,BULL_TREND,4.260348296512426,0.0,23.121586829518705,1.0,116.56360859592336,0.0
2021-07-19 00:00:00+00:00,1056.3173037141298,7.638386545053342,BULL_TREND,-6.4054920582531505,0.0,-205.2693574082044,1.0,-133.5461736843728,0.0
2021-07-20 00:00:00+00:00,1060.348451271029,4.031147556899274,BULL_TREND,23.403210825103912,0.0,1131.2406220111711,1.0,495.756546927114,0.0
2021-07-21 00:00:00+00:00,1060.1540733577724,-0.19437791325668896,BULL_TREND,-6.578877757701008,0.0,-242.24271709657893,1.0,-252.0156357862751,0.0
2021-07-22 00:00:00+00:00,1062.8481521306376,2.6940787728652573,BULL_TREND,-0.1632970192877976,0.0,-33.55439757677308,1.0,-21.893345785584255,0.0
2021-07-23 00:00:00+00:00,1070.511577085512,7.663424954874504,BULL_TREND,7.567255420317398,0.0,90.02971737327222,1.0,110.22008803900208,0.0
2021-07-26 00:00:00+00:00,1072.7935063584061,2.281929272894159,BULL_TREND,-1.3437373085818114,0.0,90.47626516711142,1.0,68.04307869223109,0.0
2021-07-27 00:00:00+00:00,1071.1254174241462,-1.6680889342599348,BULL_TREND,-5.58168921067799,0.0,-21.477332988369056,1.0,-14.664020578781845,0.0
2021-07-28 00:00:00+00:00,1067.0150695564103,-4.110347867735989,BULL_TREND,-1.0977534620670235,0.0,85.10910304309037,1.0,-102.67425835565561,0.0
2021-07-29 00:00:00+00:00,1063.6944765257879,-3.320593030622446,BULL_TREND,-8.479618253696875,0.0,-265.80398643657213,1.0,-76.65057595868811,0.0
2021-07-30 00:00:00+00:00,1060.2116370834976,-3.4828394422903233,BULL_TREND,4.5708197300981075,0.0,47.188658680375696,1.0,44.87883584035331,0.0
2021-08-02 00:00:00+00:00,1063.1493678215174,2.9377307380197593,BULL_TREND,5.796848668184348,0.0,138.29763822270584,1.0,-63.77097393752317,0.0
2021-08-03 00:00:00+00:00,1061.6015451030248,-1.5478227184927205,BULL_TREND,8.0714651895056,0.0,23.663425254065995,1.0,54.68489697102425,0.0
2021-08-04 00:00:00+00:00,1065.6246450529936,4.023099949968842,BULL_TREND,-0.7347663861311433,0.0,-9.939598149351609,1.0,-109.34608069561118,0.0
2021-08-05 00:00:00+00:00,1065.7286796101475,0.10403455715392253,BULL_TREND,0.6180095333931759,0.0,-25.864047695826635,1.0,-64.69983448207472,0.0
2021-08-06 00:00:00+00:00,1062.2704600889808,-3.458219521166676,BULL_TREND,-1.738016017879549,0.0,-106.62636507466483,1.0,-6.2788527213961345,0.0
2021-08-09 00:00:00+00:00,1065.6845301787034,3.4140700897226752,BULL_TREND,0.9532524456772135,0.0,117.78209264046271,1.0,77.08591104680096,0.0
2021-08-10 00:00:00+00:00,1064.4814531195861,-1.2030770591173496,BULL_TREND,1.8280207767932704,0.0,11.778483034474398,1.0,110.85631955432139,0.0
2021-08-11 00:00:00+00:00,1058.8166116842763,-5.664841435309977,BULL_TREND,3.3129222416365813,0.0,16.18266371078806,1.0,62.56360443229967,0.0
2021-08-12 00:00:00+00:00,1057.4732445853126,-1.3433670989635411,BULL_TREND,-0.42856749192922117,0.0,-78.60380078879368,1.0,-30.341385992191682,0.0
2021-08-13 00:00:00+00:00,1052.480795097276,-4.992449488036572,BULL_TREND,-2.1723627541559636,0.0,-81.21121640375038,1.0,-91.39724948756233,0.0
2021-08-16 00:00:00+00:00,1049.1357320102218,-3.345063087054424,BULL_TREND,2.1440210946995872,0.0,-19.357881069511713,1.0,30.911693247384374,0.0
2021-08-17 00:00:00+00:00,1052.1139829892481,2.978250979026418,BULL_TREND,7.957834384133178,0.0,89.35964248488943,1.0,147.24388199408017,0.0
2021-08-18 00:00:00+00:00,1055.708614397527,3.5946314082789885,BULL_TREND,-4.412220681654328,0.0,-191.708131421657,1.0,-48.2489799183645,0.0
2021-08-19 00:00:00+00:00,1056.6108463876212,0.9022319900941728,BULL_TREND,4.352425725909696,0.0,92.5244751868017,1.0,-32.204447880488445,0.0
2021-08-20 00:00:00+00:00,1060.4833143968244,3.8724680092031836,BULL_TREND,3.295218020873365,0.0,165.89282313811472,1.0,-62.83653560957914,0.0
2021-08-23 00:00:00+00:00,1060.2480168912468,-0.23529750557766033,BULL_TREND,-4.225569190640291,0.0,115.65606818052933,1.0,-268.3794900240385,0.0
2021-08-24 00:00:00+00:00,1060.736150838783,0.4881339475362584,BULL_TREND,3.7893298125053123,0.0,-5.009988515999641,1.0,-48.004500745328045,0.0
2021-08-25 00:00:00+00:00,1060.1595715524609,-0.5765792863221348,BULL_TREND,2.7844853630785216,0.0,93.42152386028609,1.0,33.75635830954521,0.0
2021-08-26 00:00:00+00:00,1061.4974630089835,1.3378914565224944,BULL_TREND,2.4825277394643783,0.0,2.511120843275411,1.0,92.06182570759971,0.0
2021-08-27 00:00:00+00:00,1060.225992584284,-1.27147042469928,BULL_TREND,3.234862411927831,0.0,114.23732805985932,1.0,14.267689067858846,0.0
2021-08-30 00:00:00+00:00,1058.536943896708,-1.6890486875761,BULL_TREND,0.9612074466182781,0.0,-39.960949140182755,1.0,18.45024086052218,0.0
2021-08-31 00:00:00+00:00,1057.4497783548616,-1.0871655418464785,BULL_TREND,1.9446077012138439,0.0,6.939291204494197,1.0,73.69936548939779,0.0
2021-09-01 00:00:00+00:00,1059.430484489084,1.9807061342224548,BULL_TREND,0.4328071605685203,0.0,37.27068149708084,1.0,17.99290589273466,0.0
2021-09-02 00:00:00+00:00,1063.0528181777577,3.6223336886738386,BULL_TREND,-4.442209868282119,0.0,-15.133729080144764,1.0,-32.36490690791105,0.0
2021-09-03 00:00:00+00:00,1060.9361900601398,-2.1166281176178323,BULL_TREND,1.1435676512497945,0.0,29.71797438868444,1.0,57.966056788820815,0.0
2021-09-07 00:00:00+00:00,1063.136464671926,2.2002746117862624,BULL_TREND,6.820697880269432,0.0,130.7655636777264,1.0,160.5655784908339,0.0
2021-09-08 00:00:00+00:00,1061.0582815580776,-2.0781831138484295,BULL_TREND,-4.366875922606768,0.0,-97.3076149853666,1.0,-117.4276045844224,0.0
2021-09-09 00:00:00+00:00,1063.5202065945423,2.461925036464708,BULL_TREND,2.362061001512372,0.0,117.2820138430461,1.0,120.43544339103666,0.0
2021-09-10 00:00:00+00:00,1062.0571413061448,-1.463065288397419,BULL_TREND,-0.672026368502178,0.0,-47.69492922429002,1.0,-19.809592660197463,0.0
2021-09-13 00:00:00+00:00,1060.4178344030245,-1.6393069031203558,BULL_TREND,-4.422163657564544,0.0,-48.65681048016546,1.0,-110.60136827525079,0.0
2021-09-14 00:00:00+00:00,1055.591616702742,-4.8262177002824425,BULL_TREND,2.510067175518924,0.0,59.85726048755844,1.0,79.83887007952444,0.0
2021-09-15 00:00:00+00:00,1056.0592159910373,0.467599288295385,BULL_TREND,0.25942367029121877,0.0,-2.461628613277151,1.0,1.7684488945461654,0.0
2021-09-16 00:00:00+00:00,1055.0391731331254,-1.0200428579118792,BULL_TREND,-1.329528384298644,0.0,30.896039883591648,1.0,40.75080476905816,0.0
2021-09-17 00:00:00+00:00,1053.3106603760305,-1.7285127570949015,BULL_TREND,-0.7993608722155243,0.0,73.03765916569644,1.0,32.76261184949788,0.0
2021-09-20 00:00:00+00:00,1049.5647506792793,-3.7459096967511045,BULL_TREND,-2.3696046171355367,0.0,-15.726636405580527,1.0,-158.505999293295,0.0
2021-09-21 00:00:00+00:00,1049.271073256997,-0.2936774222824713,BULL_TREND,1.1521315092154456,0.0,11.017327366582638,1.0,52.739075920850354,0.0
2021-09-22 00:00:00+00:00,1049.555808142328,0.2847348853311716,BULL_TREND,-3.4185202518012807,0.0,37.30433594344906,1.0,98.25947918520512,0.0
2021-09-23 00:00:00+00:00,1056.2448765193137,6.689068376985598,BULL_TREND,3.6809199713842102,0.0,30.55799680260674,1.0,-22.13464441584019,0.0
2021-09-24 00:00:00+00:00,1057.7260282469526,1.4811517276389417,BULL_TREND,0.5452162646115504,0.0,-8.924370993169394,1.0,60.0229984367371,0.0
2021-09-27 00:00:00+00:00,1063.5561800351923,5.8301517882396565,BULL_TREND,0.026971295518786353,0.0,-52.16601060498717,1.0,33.0085215093124,0.0
2021-09-28 00:00:00+00:00,1066.6192911256421,3.0631110904497687,BULL_TREND,1.4326822870885403,0.0,74.35416055049407,1.0,41.284694145518685,0.0
2021-09-29 00:00:00+00:00,1067.8487390786902,1.2294479530479863,BULL_TREND,3.1210248123770055,0.0,8.849408640987779,1.0,-42.1701284134113,0.0
2021-09-30 00:00:00+00:00,1063.4776932099817,-4.3710458687084515,BULL_TREND,-0.7612286737831278,0.0,-9.41401814113017,1.0,-30.495850920944584,0.0
2021-10-01 00:00:00+00:00,1059.5895096659874,-3.8881835439943107,BEAR_TREND,3.2810965516396298,0.0,54.4758805509991,1.0,154.44969865919785,0.0
2021-10-04 00:00:00+00:00,1068.3404431362299,8.750933470242412,BEAR_TREND,-3.434796725373026,0.0,243.23355592248794,1.0,213.0852180861302,0.0
2021-10-05 00:00:00+00:00,1072.439605154121,4.0991620178911985,BEAR_TREND,-3.490945663892333,0.0,-180.79945999186455,1.0,-151.27236498302406,0.0
2021-10-06 00:00:00+00:00,1069.872103263974,-2.567501890147041,BEAR_TREND,-1.3767029479234847,0.0,-91.46331699293494,1.0,-92.33335279179761,0.0
2021-10-07 00:00:00+00:00,1062.6699964184038,-7.202106845570183,BEAR_TREND,-2.6726658333353903,0.0,38.76102549547697,1.0,-82.03736969362546,0.0
2021-10-08 00:00:00+00:00,1060.404755567993,-2.265240850410589,BEAR_TREND,-1.041881013141257,0.0,-85.97781959134942,1.0,-24.27252553994509,0.0
2021-10-11 00:00:00+00:00,1060.5682266602287,0.1634710922354716,BEAR_TREND,-2.0453344054907143,0.0,67.34531582833202,1.0,-33.755123666298026,0.0
2021-10-12 00:00:00+00:00,1059.1884598931479,-1.379766767080724,BEAR_TREND,1.8672359713426834,0.0,16.568638976433977,1.0,78.29295699319833,0.0
2021-10-13 00:00:00+00:00,1059.8253712336457,0.6369113404978247,BEAR_TREND,5.5357282991277685,0.0,62.70929983888778,1.0,18.814715932900278,0.0
2021-10-14 00:00:00+00:00,1066.4002684392499,6.57489720560414,BEAR_TREND,4.518766856745925,0.0,32.870437059599176,1.0,-37.9245788663817,0.0
2021-10-15 00:00:00+00:00,1067.3007543483639,0.9004859091140311,BEAR_TREND,-0.4016905207498809,0.0,-20.800454112160555,1.0,13.807586775266294,0.0
2021-10-18 00:00:00+00:00,1066.6308931206668,-0.6698612276971401,BEAR_TREND,4.308894764467604,0.0,69.50807371707013,1.0,34.18490025641853,0.0
2021-10-19 00:00:00+00:00,1062.5706349368872,-4.060258183779491,BEAR_TREND,-2.3999926543969132,0.0,-90.14548362057536,1.0,-105.88144196595863,0.0
2021-10-20 00:00:00+00:00,1056.5886372341572,-5.9819977027301,BEAR_TREND,-1.260255367683057,0.0,-14.94085733676305,1.0,-40.89398062799372,0.0
2021-10-21 00:00:00+00:00,1055.8616497334333,-0.7269875007240092,BEAR_TREND,1.8382457814143804,0.0,34.0834328847398,1.0,99.01538374191388,0.0
2021-10-22 00:00:00+00:00,1052.112856706214,-3.7487930272193046,BEAR_TREND,-0.8461631560769807,0.0,-6.347988796571939,1.0,161.36471705663126,0.0
2021-10-25 00:00:00+00:00,1053.967438981323,1.8545822751091303,BEAR_TREND,10.661772064170272,0.0,321.5507998367266,1.0,382.7536013830302,0.0
2021-10-26 00:00:00+00:00,1056.7322073542903,2.7647683729671417,BEAR_TREND,3.3704032325424014,0.0,43.0673548853933,1.0,16.67081745630089,0.0
2021-10-27 00:00:00+00:00,1060.256454641062,3.5242472867717773,BEAR_TREND,4.270408109558282,0.0,99.35052964629628,1.0,37.781873707225245,0.0
2021-10-28 00:00:00+00:00,1060.7268547949313,0.47040015386943274,BEAR_TREND,2.4668230802651063,0.0,98.39206418500868,1.0,186.12445866745693,0.0
2021-10-29 00:00:00+00:00,1056.0369357783134,-4.689919016618061,BEAR_TREND,4.172151120179735,0.0,102.29445454016147,1.0,145.17550881864264,0.0
2021-11-01 00:00:00+00:00,1055.982504178614,-0.05443159969954925,BULL_TREND,4.129001466669327,0.0,368.8171408813246,1.0,282.2810071575871,0.0
2021-11-02 00:00:00+00:00,1055.546031250256,-0.43647292835789697,BULL_TREND,0.41171353104067643,0.0,20.66615380064665,1.0,-86.96608865558098,0.0
2021-11-03 00:00:00+00:00,1054.727483588568,-0.8185476616880341,BULL_TREND,3.951250068563682,0.0,124.00106525056316,1.0,141.4935135257482,0.0
2021-11-04 00:00:00+00:00,1056.4507174675512,1.7232338789832196,BULL_TREND,8.85223937887191,0.0,131.35756031748795,1.0,237.08258078853433,0.0
2021-11-05 00:00:00+00:00,1053.9582246356051,-2.4924928319459623,BULL_TREND,-7.296809489308951,0.0,-28.76339855640832,1.0,-239.7115038703417,0.0
2021-11-08 00:00:00+00:00,1053.0758693450787,-0.882355290526506,BULL_TREND,-4.663167249175526,0.0,77.8232381411102,1.0,-106.8902150264389,0.0
2021-11-09 00:00:00+00:00,1052.5871033967537,-0.4887659483248623,BULL_TREND,4.155010127904406,0.0,32.94514966423716,1.0,-288.4733368310632,0.0
2021-11-10 00:00:00+00:00,1054.4014174929735,1.81431409621972,BULL_TREND,-16.500705521330406,0.0,-285.9987571357952,1.0,-329.0917878733607,0.0
2021-11-11 00:00:00+00:00,1053.7494841667574,-0.651933326216093,BULL_TREND,-3.444065425064925,0.0,157.23202588785492,1.0,151.3457654354507,0.0
2021-11-12 00:00:00+00:00,1059.0568816372374,5.307397470480075,BULL_TREND,3.610468654500478,0.0,185.15250294062048,1.0,-96.30540323720165,0.0
2021-11-15 00:00:00+00:00,1059.5457714115046,0.48888977426702906,BULL_TREND,0.3770430927225454,0.0,93.5969741240128,1.0,-46.93598915380326,0.0
2021-11-16 00:00:00+00:00,1058.673033181233,-0.8727382302714842,BULL_TREND,-0.5303075041210488,0.0,-194.85566475300666,1.0,24.596923604705502,0.0
2021-11-17 00:00:00+00:00,1058.761824941647,0.08879176041415154,BULL_TREND,-4.277462393536792,0.0,182.01570055893657,1.0,-45.92307726579048,0.0
2021-11-18 00:00:00+00:00,1057.6266770736863,-1.1351478679607223,BULL_TREND,3.753459271517378,0.0,122.86832336264244,1.0,310.57212759117556,0.0
2021-11-19 00:00:00+00:00,1070.1251769168248,12.498499843138465,BULL_TREND,11.157430562817765,0.0,236.00789130297392,1.0,302.1116629216434,0.0
2021-11-22 00:00:00+00:00,1073.8946414424624,3.769464525637688,BULL_TREND,-3.1508279391814784,0.0,-61.21221294028643,1.0,-130.52998463867016,0.0
2021-11-23 00:00:00+00:00,1074.3310070831242,0.43636564066163397,BULL_TREND,-4.1273860342648145,0.0,-173.26595493233626,1.0,-218.4413735099309,0.0
2021-11-24 00:00:00+00:00,1073.1020880262768,-1.2289190568473436,BULL_TREND,-2.674227401273743,0.0,-87.93055110845621,1.0,-7.1410054002706485,0.0
2021-11-26 00:00:00+00:00,1077.7928181414813,4.690730115204626,BULL_TREND,-5.85998192463167,0.0,-66.11480807339217,1.0,-54.48719189487674,0.0
2021-11-29 00:00:00+00:00,1078.2784053139153,0.4855871724339411,BULL_TREND,-0.13987905308309945,0.0,132.3784473412496,1.0,250.85381370434266,0.0
2021-11-30 00:00:00+00:00,1075.1691090436443,-3.1092962702708826,BULL_TREND,0.12537623358922367,0.0,-52.65870596568618,1.0,41.82872504945971,0.0
2021-12-01 00:00:00+00:00,1075.2066938464516,0.03758480280732476,BULL_TREND,-3.094213413095809,0.0,56.05635545046593,1.0,-37.154723274716474,0.0
2021-12-02 00:00:00+00:00,1075.2048863595676,-0.0018074868839909608,BULL_TREND,-5.454938883450286,0.0,-159.75320324633486,1.0,-187.39364037442016,0.0
2021-12-03 00:00:00+00:00,1070.8610160204655,-4.3438703391021525,BULL_TREND,1.8781029137620922,0.0,47.101662974576485,1.0,-54.99249356313135,0.0
2021-12-06 00:00:00+00:00,1078.7818297209233,7.920813700457732,BULL_TREND,3.3373880978128865,0.0,84.26021005646933,1.0,-0.5030581105209215,0.0
2021-12-07 00:00:00+00:00,1086.3082778103483,7.526448089424995,BULL_TREND,-7.017946747237279,0.0,-184.87177387078071,1.0,-59.283606629245135,0.0
2021-12-08 00:00:00+00:00,1084.6597233581388,-1.648554452209511,BULL_TREND,-1.0774912478369423,0.0,13.191548079948024,1.0,-68.36626816366723,0.0
2021-12-09 00:00:00+00:00,1085.6319196510121,0.9721962928733106,BULL_TREND,2.49754218512951,0.0,147.63685407203778,1.0,52.119247621127506,0.0
2021-12-10 00:00:00+00:00,1081.5504991678245,-4.081420483187655,BULL_TREND,1.5285837149847583,0.0,99.28532669850044,1.0,154.89734458536466,0.0
2021-12-13 00:00:00+00:00,1084.366521926981,2.8160227591564984,BULL_TREND,5.979118594924346,0.0,15.662482858785523,1.0,5.978325010038388,0.0
2021-12-14 00:00:00+00:00,1086.729349786453,2.3628278594720578,BULL_TREND,0.9072056235890837,0.0,-64.11640130618154,1.0,10.08159545622107,0.0
2021-12-15 00:00:00+00:00,1087.9667787797025,1.2374289932495224,BULL_TREND,-3.032849412154695,0.0,-261.5715786809268,1.0,-102.03655040688642,0.0
2021-12-16 00:00:00+00:00,1087.8230933268292,-0.14368545287343765,BULL_TREND,3.1022869990186908,0.0,259.63035467654447,1.0,165.54169832027048,0.0
2021-12-17 00:00:00+00:00,1089.768904429507,1.9458111026779454,BULL_TREND,-5.961166835182974,0.0,-106.04210327406759,1.0,-108.6519047637268,0.0
2021-12-20 00:00:00+00:00,1086.7286039229384,-3.0403005065685664,BULL_TREND,1.0442328214162278,0.0,66.82749692568896,1.0,96.70936196963392,0.0
2021-12-21 00:00:00+00:00,1086.1726489565856,-0.5559549663527306,BULL_TREND,-13.471664069860347,0.0,-162.4265613611954,1.0,-311.4186325436537,0.0
2021-12-22 00:00:00+00:00,1083.1105173893714,-3.0621315672143044,BULL_TREND,1.8100611573496752,0.0,-48.2063024396303,1.0,-118.22424259555126,0.0
2021-12-23 00:00:00+00:00,1084.1089539405052,0.9984365511338442,BULL_TREND,5.031844189128691,0.0,71.81356559467682,1.0,74.68575285339264,0.0
2021-12-27 00:00:00+00:00,1079.8389994954248,-4.269954445080484,BULL_TREND,5.228960442646916,0.0,125.91020159783726,1.0,25.451024852657184,0.0
2021-12-28 00:00:00+00:00,1075.2858193301304,-4.553180165294506,BULL_TREND,-4.6098941507943145,0.0,-101.98600371957173,1.0,-66.17849800176054,0.0
2021-12-29 00:00:00+00:00,1071.3480852618716,-3.937734068258785,BULL_TREND,0.5502141502903829,0.0,-64.47272253303473,1.0,49.885777550526015,0.0
2021-12-30 00:00:00+00:00,1065.6409292026,-5.7071560592715755,BULL_TREND,-1.851855616940337,0.0,-79.6514167331186,1.0,-62.68308381630722,0.0
2021-12-31 00:00:00+00:00,1063.526662125609,-2.1142670769910574,BULL_TREND,-0.9207704483615297,0.0,-89.9677239728905,1.0,20.471315630038294,0.0
2022-01-03 00:00:00+00:00,1058.9894575232656,-4.537204602343261,BULL_TREND,-4.977705378250276,0.0,-112.1543306020726,1.0,-61.03658470528687,0.0
2022-01-04 00:00:00+00:00,1062.6268808765967,3.6374233533311124,BULL_TREND,3.717025008045674,0.0,-163.55035673046737,1.0,-65.85810036409796,0.0
2022-01-05 00:00:00+00:00,1070.9248552096744,8.297974333077706,BULL_TREND,4.645550590997333,0.0,-35.540092928038476,1.0,153.90069013386312,0.0
2022-01-06 00:00:00+00:00,1068.1055104659556,-2.8193447437189385,BULL_TREND,-0.9869567692750364,0.0,-117.39537320761983,1.0,-56.570486603853595,0.0
2022-01-07 00:00:00+00:00,1066.0718918369344,-2.0336186290211495,BULL_TREND,10.242137078494011,0.0,33.015085683062296,1.0,189.1922096566385,0.0
2022-01-10 00:00:00+00:00,1060.9264437492434,-5.145448087690928,BULL_TREND,-1.886125707117909,0.0,-15.301024873628485,1.0,-62.202736766437624,0.0
2022-01-11 00:00:00+00:00,1053.704253479777,-7.2221902694663305,BULL_TREND,-1.593169641283642,0.0,-133.02240156496697,1.0,-87.04939500702243,0.0
2022-01-12 00:00:00+00:00,1047.0702674217648,-6.633986058012088,BULL_TREND,1.0518279610788321,0.0,-173.80297214643738,1.0,-43.17254261633091,0.0
2022-01-13 00:00:00+00:00,1043.7160032529223,-3.3542641688425614,BULL_TREND,-5.845356509664949,0.0,-114.98603260987676,1.0,193.30111858555694,0.0
2022-01-14 00:00:00+00:00,1042.913174796316,-0.802828456606273,BULL_TREND,-2.0211110788598123,0.0,-84.58400031321733,1.0,-33.15951897388077,0.0
2022-01-18 00:00:00+00:00,1044.3888390291045,1.4756642327884815,BULL_TREND,1.9580298478940399,0.0,150.1107387821155,1.0,156.14763981576206,0.0
2022-01-19 00:00:00+00:00,1041.7096681115788,-2.6791709175255907,BULL_TREND,1.5485553732111885,0.0,140.4947385492943,1.0,20.968258463508022,0.0
2022-01-20 00:00:00+00:00,1034.111511446016,-7.59815666556269,BULL_TREND,3.985741905055903,0.0,81.9269778907611,1.0,168.6968828762212,0.0
2022-01-21 00:00:00+00:00,1026.699057693593,-7.412453752423173,BULL_TREND,8.788214066661366,0.0,89.51215555650741,1.0,382.59829330992136,0.0
2022-01-24 00:00:00+00:00,1016.9358797077102,-9.763177985882718,BULL_TREND,-3.879089474221109,0.0,49.625685769878075,1.0,-83.99394999286946,0.0
2022-01-25 00:00:00+00:00,1011.0055732443797,-5.930306463330582,BULL_TREND,-3.8006506081001614,0.0,326.02110864120306,1.0,358.19618087273034,0.0
2022-01-26 00:00:00+00:00,1008.8890958393017,-2.1164774050778887,BEAR_TREND,-2.7980757386077406,0.0,62.885342357808305,1.0,-5.211629956315336,0.0
2022-01-27 00:00:00+00:00,1010.5003958688806,1.6113000295788331,BEAR_TREND,-1.0748606816716444,0.0,-333.266888195148,1.0,-147.2247443268368,0.0
2022-01-28 00:00:00+00:00,1007.8588784259001,-2.6415174429804047,BEAR_TREND,-3.0401052966924675,0.0,83.7507633809295,1.0,-104.23281112528237,0.0
2022-01-31 00:00:00+00:00,1000.0078523795369,-7.851026046363268,BEAR_TREND,-15.549642179851721,0.0,-416.67857553952285,1.0,-746.7866765162865,0.0
2022-02-01 00:00:00+00:00,996.0877761503968,-3.9200762291400144,BEAR_TREND,7.3422816092286585,0.0,107.8684596106169,1.0,-104.27331609322812,0.0
2022-02-02 00:00:00+00:00,989.1596881448771,-6.9280880055197365,BEAR_TREND,-4.6792380258056,0.0,-131.18955515437037,1.0,28.678045929261312,0.0
2022-02-03 00:00:00+00:00,984.7803182143531,-4.379369930524089,BEAR_TREND,-13.953024383084383,0.0,-305.87665330322085,1.0,104.8818385522106,0.0
2022-02-04 00:00:00+00:00,986.8688447618043,2.088526547451265,BEAR_TREND,-14.289080917189896,0.0,23.345438900747723,1.0,-313.2530071859315,0.0
2022-02-07 00:00:00+00:00,983.1921992709168,-3.6766454908875055,BEAR_TREND,5.05991122402895,0.0,248.81025956050937,1.0,235.90765851056523,0.0
2022-02-08 00:00:00+00:00,984.4413145854649,1.2491153145479976,BEAR_TREND,6.435654079690582,0.0,144.65760356276584,1.0,133.50554078317927,0.0
2022-02-09 00:00:00+00:00,999.0295516244361,14.588237038971185,BEAR_TREND,-0.7731521860464692,0.0,-235.45051724880105,1.0,-232.30924821327358,0.0
2022-02-10 00:00:00+00:00,992.531510846875,-6.498040777561087,BEAR_TREND,-6.420550648356136,0.0,-3.2051828304797785,1.0,-43.187958064915094,0.0
2022-02-11 00:00:00+00:00,987.659834543545,-4.871676303329986,BEAR_TREND,-4.0961006052090285,0.0,-118.75587567926242,1.0,91.62123979204833,0.0
2022-02-14 00:00:00+00:00,979.1171734517385,-8.542661091806542,BEAR_TREND,-4.530560017417081,0.0,-23.742272542050333,1.0,-26.412035117485154,0.0
2022-02-15 00:00:00+00:00,979.1171734517385,0.0,BEAR_TREND,-6.237131597489608,0.0,-304.6637125806022,1.0,-128.52780987232805,0.0
2022-02-16 00:00:00+00:00,979.1171734517385,0.0,BEAR_TREND,0.8327317043591829,0.0,-52.55266383696569,1.0,138.47902638373185,0.0
2022-02-17 00:00:00+00:00,979.1171734517385,0.0,BEAR_TREND,-5.983293433917305,0.0,172.12463935174313,1.0,-69.97587736486734,0.0
2022-02-18 00:00:00+00:00,979.1171734517385,0.0,CHOP,5.0382859194866905,0.0,181.7581404291651,1.0,49.9018827923763,0.0
2022-02-22 00:00:00+00:00,979.1171734517385,0.0,BEAR_TREND,6.312262132537924,0.0,2.1910916359490074,1.0,140.77801920622994,0.0
2022-02-23 00:00:00+00:00,979.1171734517385,0.0,BEAR_TREND,7.482176512917902,0.0,171.97357857042357,1.0,173.236489678184,0.0
2022-02-24 00:00:00+00:00,979.1171734517385,0.0,CHOP,-23.949866273913432,0.0,-436.15796825740273,1.0,-581.8221769645054,0.0
2022-02-25 00:00:00+00:00,979.1171734517385,0.0,CHOP,-3.0542942747000383,0.0,29.7884733554116,1.0,44.67803869308777,0.0
2022-02-28 00:00:00+00:00,979.1171734517385,0.0,CHOP,-1.1580579438883105,0.0,17.98350365170972,1.0,-124.13431471871228,0.0
2022-03-01 00:00:00+00:00,979.1171734517385,0.0,CHOP,7.397519079604326,0.0,25.304263728525083,1.0,231.68060561165046,0.0
2022-03-02 00:00:00+00:00,979.1171734517385,0.0,BEAR_TREND,3.4063014958453426,0.0,91.3108424985143,1.0,42.05789956369437,0.0
2022-03-03 00:00:00+00:00,979.1171734517385,0.0,CHOP,4.036157659535968,0.0,-98.01430928028948,1.0,188.35387025683178,0.0
2022-03-04 00:00:00+00:00,979.1171734517385,0.0,CHOP,11.782553296033331,0.0,181.78446541654586,1.0,263.9224862087228,0.0
2022-03-07 00:00:00+00:00,979.1171734517385,0.0,BEAR_TREND,18.549264779892955,0.0,366.8016261921894,1.0,486.75182106007617,0.0
2022-03-08 00:00:00+00:00,979.1171734517385,0.0,CHOP,-1.2381584803204524,0.0,-30.23451769042386,1.0,-26.824156717114448,0.0
2022-03-09 00:00:00+00:00,979.1171734517385,0.0,CHOP,-9.669093948133611,0.0,-452.34940630706524,1.0,-253.70125008751728,0.0
2022-03-10 00:00:00+00:00,979.1171734517385,0.0,CHOP,-4.549694703517737,0.0,89.01827396219274,1.0,139.93434101803217,0.0
2022-03-11 00:00:00+00:00,979.1171734517385,0.0,CHOP,-0.7164098940260382,0.0,173.64210788233146,1.0,96.89889036356428,0.0
2022-03-14 00:00:00+00:00,979.1171734517385,0.0,CHOP,5.611135155951537,0.0,167.9215279915504,1.0,29.622632117465503,0.0
2022-03-15 00:00:00+00:00,979.1171734517385,0.0,CHOP,-5.6334523070208125,0.0,4.981808835396258,1.0,-356.7156498654313,0.0
2022-03-16 00:00:00+00:00,979.1171734517385,0.0,CHOP,-8.6356042686671,0.0,142.27512339319333,1.0,-407.37734466983875,0.0
2022-03-17 00:00:00+00:00,979.1171734517385,0.0,CHOP,2.9680513657157896,0.0,-9.518576887323075,1.0,29.30525876870429,0.0
2022-03-18 00:00:00+00:00,979.1171734517385,0.0,CHOP,8.921806673701111,0.0,279.4126835190894,1.0,107.75522802278107,0.0
2022-03-21 00:00:00+00:00,979.1171734517385,0.0,CHOP,-3.34413931152456,0.0,-15.489500506598736,1.0,37.1780184673741,0.0
2022-03-22 00:00:00+00:00,979.1171734517385,0.0,CHOP,3.0764489683311522,0.0,131.95895647034348,1.0,-2.0689259623917486,0.0
2022-03-23 00:00:00+00:00,979.1171734517385,0.0,CHOP,-0.7339981943905712,0.0,-5.011486913737741,1.0,43.63305811076918,0.0
2022-03-24 00:00:00+00:00,979.1171734517385,0.0,CHOP,-0.31253852606302535,0.0,189.6962803546224,1.0,142.2623090655442,0.0
2022-03-25 00:00:00+00:00,979.1171734517385,0.0,CHOP,0.4843362462003623,0.0,-76.94427912677922,1.0,-35.172629332303714,0.0
2022-03-28 00:00:00+00:00,979.1171734517385,0.0,CHOP,0.081928612698976,0.0,192.2773668766885,1.0,180.44848349403304,0.0
2022-03-29 00:00:00+00:00,979.1171734517385,0.0,CHOP,-1.9927530761599648,0.0,37.051561936774995,1.0,-56.455962254916386,0.0
2022-03-30 00:00:00+00:00,979.1171734517385,0.0,BEAR_TREND,-8.461558370323209,0.0,-156.3877654370014,1.0,-133.6202652124656,0.0
2022-03-31 00:00:00+00:00,979.1171734517385,0.0,BEAR_TREND,1.471178886907622,0.0,-26.688903703274114,1.0,30.070639671399118,0.0
2022-04-01 00:00:00+00:00,979.1171734517385,0.0,BEAR_TREND,3.039853955640805,0.0,99.84410565334713,1.0,-14.314070385498903,0.0
2022-04-04 00:00:00+00:00,979.1171734517385,0.0,BEAR_TREND,-7.3270159106388615,0.0,152.78965971035998,1.0,111.25508247605153,0.0
2022-04-05 00:00:00+00:00,979.1171734517385,0.0,BULL_TREND,-7.468366971493418,0.0,-43.628694323620294,1.0,-244.11956362137568,0.0
2022-04-06 00:00:00+00:00,979.1171734517385,0.0,BULL_TREND,18.989637307988364,0.0,372.7144710263302,1.0,35.171515922528144,0.0
2022-04-07 00:00:00+00:00,979.1171734517385,0.0,BULL_TREND,9.222010273256645,0.0,111.82800694427245,1.0,179.50692766666043,0.0
2022-04-08 00:00:00+00:00,979.1171734517385,0.0,BULL_TREND,8.54027992759137,0.0,285.9888605006114,1.0,129.20076805416417,0.0
2022-04-11 00:00:00+00:00,979.1171734517385,0.0,BULL_TREND,4.25686352551368,0.0,211.00701482493193,1.0,87.6775953896619,0.0
2022-04-12 00:00:00+00:00,979.1171734517385,0.0,BULL_TREND,0.7986978914378041,0.0,24.478495776688824,1.0,53.09986209997705,0.0
2022-04-13 00:00:00+00:00,979.1171734517385,0.0,BULL_TREND,-6.210602858587538,0.0,-200.2868437061711,1.0,-205.2229395599883,0.0
2022-04-14 00:00:00+00:00,979.1171734517385,0.0,BULL_TREND,6.238174533721529,0.0,162.39026588625603,1.0,244.35685139848314,0.0
2022-04-18 00:00:00+00:00,979.1171734517385,0.0,BULL_TREND,-5.846527234606064,0.0,-137.08701725605675,1.0,-157.13095005455847,0.0
2022-04-19 00:00:00+00:00,979.1171734517385,0.0,BULL_TREND,-3.0167972703283965,0.0,14.632277367294396,1.0,-157.3905887882486,0.0
2022-04-20 00:00:00+00:00,979.1171734517385,0.0,BULL_TREND,11.348131648120097,0.0,-352.83194095467593,1.0,533.5015140497098,0.0
2022-04-21 00:00:00+00:00,979.1171734517385,0.0,BULL_TREND,6.989286463777092,0.0,120.62583003303676,1.0,231.74712299620745,0.0
2022-04-22 00:00:00+00:00,979.1171734517385,0.0,BULL_TREND,1.1440101756080256,0.0,-59.17003201214103,1.0,6.459956286997404,0.0
2022-04-25 00:00:00+00:00,979.1171734517385,0.0,BULL_TREND,1.5782480492556932,0.0,162.6635546846137,1.0,58.45129625985841,0.0
2022-04-26 00:00:00+00:00,979.1171734517385,0.0,BULL_TREND,9.717977214193676,0.0,150.12831768164682,1.0,216.3981637538693,0.0
2022-04-27 00:00:00+00:00,979.1171734517385,0.0,BULL_TREND,3.3594190723295334,0.0,292.31783119723167,1.0,244.85513235814523,0.0
2022-04-28 00:00:00+00:00,979.1171734517385,0.0,BULL_TREND,-11.144726474116693,0.0,-635.1362466804009,1.0,-425.3750819326767,0.0
2022-04-29 00:00:00+00:00,979.1171734517385,0.0,BULL_TREND,-3.6895342597613334,0.0,18.561920659593532,1.0,165.25129544626063,0.0
2022-05-02 00:00:00+00:00,979.1171734517385,0.0,CHOP,-11.825036959109548,0.0,88.400073181655,1.0,-348.52520733987257,0.0
2022-05-03 00:00:00+00:00,979.1171734517385,0.0,CHOP,-0.12407968070247949,0.0,-28.621212078808956,1.0,-57.63475648874733,0.0
2022-05-04 00:00:00+00:00,979.1171734517385,0.0,CHOP,8.950269319170626,0.0,160.86347803774774,1.0,88.34060605442653,0.0
2022-05-05 00:00:00+00:00,979.1171734517385,0.0,CHOP,-8.585483289111533,0.0,-249.76442606758883,1.0,189.18139637073014,0.0
2022-05-06 00:00:00+00:00,979.1171734517385,0.0,CHOP,9.542853544199398,0.0,-13.830246363120166,1.0,211.4234470776234,0.0
2022-05-09 00:00:00+00:00,979.1171734517385,0.0,CHOP,5.292223511812627,0.0,35.23952882248145,1.0,227.87029980699532,0.0
2022-05-10 00:00:00+00:00,979.1171734517385,0.0,CHOP,-8.99955400484365,0.0,-203.3343800524024,1.0,-215.18284434726002,0.0
2022-05-11 00:00:00+00:00,979.1171734517385,0.0,CHOP,13.249217264664823,0.0,427.10046814158426,1.0,403.30684147789725,0.0
2022-05-12 00:00:00+00:00,979.1171734517385,0.0,CHOP,1.167394464735424,0.0,148.40170596581154,1.0,-33.75324797011206,0.0
2022-05-13 00:00:00+00:00,979.1171734517385,0.0,CHOP,-16.014541713695703,0.0,-352.2335702840069,1.0,-553.1343892618243,0.0
2022-05-16 00:00:00+00:00,979.1171734517385,0.0,CHOP,2.4604559313254946,0.0,191.2941794522125,1.0,351.89398491352,0.0
2022-05-17 00:00:00+00:00,979.1171734517385,0.0,CHOP,-13.109359539936957,0.0,-69.8212178409876,1.0,-300.77790534286413,0.0
2022-05-18 00:00:00+00:00,979.1171734517385,0.0,CHOP,8.52843290768272,0.0,151.79691048023835,1.0,349.22147244826,0.0
2022-05-19 00:00:00+00:00,979.1171734517385,0.0,CHOP,-4.119975394051495,0.0,274.62798649323105,1.0,-78.62051345944056,0.0
2022-05-20 00:00:00+00:00,979.1171734517385,0.0,CHOP,2.171553173867354,0.0,-108.3448012780571,1.0,148.0734090108377,0.0
2022-05-23 00:00:00+00:00,979.1171734517385,0.0,CHOP,-1.1833590935999747,0.0,-64.9306792042767,1.0,-85.38500052148821,0.0
2022-05-24 00:00:00+00:00,979.1171734517385,0.0,CHOP,5.983418698820615,0.0,-94.84496591728472,1.0,154.67204007713002,0.0
2022-05-25 00:00:00+00:00,979.1171734517385,0.0,CHOP,-9.827992235396596,0.0,-98.55688075944184,1.0,-275.1127482987886,0.0
2022-05-26 00:00:00+00:00,979.1171734517385,0.0,CHOP,-8.079078651535994,0.0,-100.20043168208099,1.0,-368.7726422960309,0.0
2022-05-27 00:00:00+00:00,979.1171734517385,0.0,CHOP,5.950457440248753,0.0,5.255417722417286,1.0,-172.50057527158708,0.0
2022-05-31 00:00:00+00:00,979.1171734517385,0.0,CHOP,1.0067708328263474,0.0,17.107881693043005,1.0,-64.56411169340865,0.0
2022-06-01 00:00:00+00:00,979.1171734517385,0.0,CHOP,-7.121388900089836,0.0,-86.59381295035145,1.0,-127.33682638292657,0.0
2022-06-02 00:00:00+00:00,979.1171734517385,0.0,CHOP,0.8163372265654671,0.0,393.0834237615593,1.0,50.81718335076504,0.0
2022-06-03 00:00:00+00:00,979.1171734517385,0.0,CHOP,-14.386126011601245,0.0,-357.9601112930197,1.0,-203.62818106070608,0.0
2022-06-06 00:00:00+00:00,979.1171734517385,0.0,CHOP,-48.848809090902,0.0,-365.2898857048045,1.0,-1470.389911221391,0.0
2022-06-07 00:00:00+00:00,979.1171734517385,0.0,CHOP,0.17796137210835358,0.0,123.39406347295255,1.0,129.65269912114294,0.0
2022-06-08 00:00:00+00:00,979.1171734517385,0.0,CHOP,4.784853743969114,0.0,56.965451891412414,1.0,64.03331006437395,0.0
2022-06-09 00:00:00+00:00,979.1171734517385,0.0,CHOP,-7.06661389626554,0.0,95.04127165412365,1.0,72.65847957083237,0.0
2022-06-10 00:00:00+00:00,979.1171734517385,0.0,CHOP,4.5567352280561275,0.0,165.33402388077343,1.0,123.1488564460864,0.0
2022-06-13 00:00:00+00:00,979.1171734517385,0.0,CHOP,7.970997083256028,0.0,112.06304097267792,1.0,117.43317629651204,0.0
2022-06-14 00:00:00+00:00,979.1171734517385,0.0,CHOP,-5.915525088256702,0.0,-87.00917726753498,1.0,1.3465036900474754,0.0
2022-06-15 00:00:00+00:00,979.1171734517385,0.0,CHOP,-9.179569766258084,0.0,-276.97818240036656,1.0,-263.57327010973916,0.0
2022-06-16 00:00:00+00:00,979.1171734517385,0.0,CHOP,-5.028762495871798,0.0,207.98695792968326,1.0,36.24132302629972,0.0
2022-06-17 00:00:00+00:00,979.1171734517385,0.0,CHOP,-3.282850954927461,0.0,-141.75751088176315,1.0,-143.1061380162501,0.0
2022-06-21 00:00:00+00:00,979.1171734517385,0.0,CHOP,3.161706965270933,0.0,-115.32321906540942,1.0,27.272822705158887,0.0
2022-06-22 00:00:00+00:00,979.1171734517385,0.0,CHOP,6.647809536370074,0.0,68.17558340861338,1.0,64.41637242426222,0.0
2022-06-23 00:00:00+00:00,979.1171734517385,0.0,CHOP,7.346001683688358,0.0,116.07913551927246,1.0,21.637016066846243,0.0
2022-06-24 00:00:00+00:00,979.1171734517385,0.0,CHOP,-8.631906298762756,0.0,-162.74493789054145,1.0,-134.74032137076142,0.0
2022-06-27 00:00:00+00:00,979.1171734517385,0.0,CHOP,-1.4370675924066147,0.0,-118.31040425436272,1.0,37.57949073455967,0.0
2022-06-28 00:00:00+00:00,979.1171734517385,0.0,CHOP,-3.4203492966868514,0.0,-180.29148002593837,1.0,7.9807090702137,0.0
2022-06-29 00:00:00+00:00,979.1171734517385,0.0,CHOP,4.1963148561470325,0.0,117.51915023085107,1.0,25.28317809695636,0.0
2022-06-30 00:00:00+00:00,979.1171734517385,0.0,CHOP,5.387005103089672,0.0,27.843146259839965,1.0,153.87406175752474,0.0
2022-07-01 00:00:00+00:00,979.1171734517385,0.0,CHOP,4.1164420454024615,0.0,16.038559735803805,1.0,17.97410091251659,0.0
2022-07-05 00:00:00+00:00,979.1171734517385,0.0,CHOP,-10.374917863206871,0.0,-304.14081811823195,1.0,-245.65704550756251,0.0
2022-07-06 00:00:00+00:00,979.1171734517385,0.0,CHOP,-0.7106609720257586,0.0,-12.757915620450342,1.0,11.577038517861828,0.0
2022-07-07 00:00:00+00:00,979.1171734517385,0.0,CHOP,-4.895575456530155,0.0,-138.89347264000895,1.0,-231.7391905688905,0.0
2022-07-08 00:00:00+00:00,979.1171734517385,0.0,CHOP,0.9449403925736476,0.0,10.964747560241719,1.0,85.36118439688113,0.0
2022-07-11 00:00:00+00:00,979.1171734517385,0.0,CHOP,-8.864877536867143,0.0,-318.9873509220025,1.0,-14.288059893175838,0.0
2022-07-12 00:00:00+00:00,979.1171734517385,0.0,CHOP,-1.6514034891954377,0.0,45.48972434344077,1.0,-33.87573198378668,0.0
2022-07-13 00:00:00+00:00,979.1171734517385,0.0,CHOP,-0.5926158128510796,0.0,-25.38231717086938,1.0,-43.01759731602892,0.0
2022-07-14 00:00:00+00:00,979.1171734517385,0.0,BEAR_TREND,6.401624552501669,0.0,97.14849976888235,1.0,179.25696166868383,0.0
2022-07-15 00:00:00+00:00,979.1171734517385,0.0,BEAR_TREND,-9.145227985066727,0.0,-147.55240726617663,1.0,-210.0328455138795,0.0
2022-07-18 00:00:00+00:00,979.1171734517385,0.0,BEAR_TREND,45.41725019871448,0.0,50.607452570918056,1.0,545.7009125895474,0.0
2022-07-19 00:00:00+00:00,979.1171734517385,0.0,BEAR_TREND,8.050514934882994,0.0,-87.42094198458285,1.0,-100.65266633486084,0.0
2022-07-20 00:00:00+00:00,979.1171734517385,0.0,BEAR_TREND,18.56125824344101,0.0,107.96119577331955,1.0,103.28538749897623,0.0
2022-07-21 00:00:00+00:00,979.1171734517385,0.0,BEAR_TREND,4.334567412322199,0.0,68.69944631361808,1.0,91.50011335629394,0.0
2022-07-22 00:00:00+00:00,979.1171734517385,0.0,BEAR_TREND,-8.18404696620843,0.0,171.91058838010403,1.0,151.93943832826756,0.0
2022-07-25 00:00:00+00:00,979.1171734517385,0.0,BEAR_TREND,0.007605663792620079,0.0,-15.215239101606421,1.0,-31.631489686223492,0.0
2022-07-26 00:00:00+00:00,979.1171734517385,0.0,BEAR_TREND,2.5463370555742033,0.0,-213.52171651630957,1.0,4.492094908468307,0.0
2022-07-27 00:00:00+00:00,979.1171734517385,0.0,BEAR_TREND,-17.965701117432392,0.0,-182.74224069506982,1.0,-306.46432399761886,0.0
2022-07-28 00:00:00+00:00,979.1171734517385,0.0,BEAR_TREND,-0.7549609087122031,0.0,145.63974270891487,1.0,15.849036657299099,0.0
2022-07-29 00:00:00+00:00,979.1171734517385,0.0,BEAR_TREND,8.891936713253807,0.0,-7.801240025586548,1.0,49.340469251033134,0.0
2022-08-01 00:00:00+00:00,979.1171734517385,0.0,BEAR_TREND,-1.0511826213117814,0.0,-26.31889373463325,1.0,37.21687323098207,0.0
2022-08-02 00:00:00+00:00,979.1171734517385,0.0,BEAR_TREND,0.2455355941973649,0.0,9.671830889155045,1.0,-28.983554398128067,0.0
2022-08-03 00:00:00+00:00,979.1171734517385,0.0,BULL_TREND,2.217037772985571,0.0,170.85013476924215,1.0,8.169679428611172,0.0
2022-08-04 00:00:00+00:00,979.1171734517385,0.0,BULL_TREND,9.25560405128892,0.0,127.0570930890011,1.0,127.69048647679631,0.0
2022-08-05 00:00:00+00:00,979.1171734517385,0.0,BULL_TREND,-8.798251743862197,0.0,-89.08056875127232,1.0,-163.24188727354317,0.0
2022-08-08 00:00:00+00:00,979.1171734517385,0.0,BULL_TREND,-5.3951700327317464,0.0,-146.74891963806897,1.0,-119.84475563947791,0.0
2022-08-09 00:00:00+00:00,979.1171734517385,0.0,BULL_TREND,-0.23552913315996288,0.0,74.75504228058641,1.0,-128.10134745450466,0.0
2022-08-10 00:00:00+00:00,979.1171734517385,0.0,BULL_TREND,-5.8816663259050035,0.0,-57.75622618804567,1.0,98.0129555460544,0.0
2022-08-11 00:00:00+00:00,979.1171734517385,0.0,BULL_TREND,-0.9622298807650393,0.0,36.33103695965855,1.0,-20.017520748165754,0.0
2022-08-12 00:00:00+00:00,979.1171734517385,0.0,BULL_TREND,1.170955397523826,0.0,-155.6149777154381,1.0,63.64196634979969,0.0
2022-08-15 00:00:00+00:00,979.1171734517385,0.0,BULL_TREND,0.2104409470884127,0.0,-75.66976914921842,1.0,-34.77132360862582,0.0
2022-08-16 00:00:00+00:00,979.1171734517385,0.0,BULL_TREND,-4.06429656350197,0.0,-85.04404995278146,1.0,-68.20018370039828,0.0
2022-08-17 00:00:00+00:00,979.1171734517385,0.0,BULL_TREND,0.29200038160482766,0.0,-129.86461495519237,1.0,-63.69639961437503,0.0
2022-08-18 00:00:00+00:00,979.1171734517385,0.0,BULL_TREND,-4.249170427625563,0.0,-45.472775746663686,1.0,-35.955144960762176,0.0
2022-08-19 00:00:00+00:00,979.1171734517385,0.0,BULL_TREND,-0.39580811924650394,0.0,-101.18963158359693,1.0,-118.13525855372853,0.0
2022-08-22 00:00:00+00:00,979.1171734517385,0.0,BULL_TREND,7.656636302745415,0.0,139.59198452545223,1.0,18.471145728820485,0.0
2022-08-23 00:00:00+00:00,979.1171734517385,0.0,BULL_TREND,-3.4943389465567685,0.0,-89.4533422232314,1.0,-25.695039378997645,0.0
2022-08-24 00:00:00+00:00,979.1171734517385,0.0,BULL_TREND,-1.995883369076127,0.0,-30.746690917679295,1.0,-27.3385697531144,0.0
2022-08-25 00:00:00+00:00,979.1171734517385,0.0,BULL_TREND,-33.03966428374228,0.0,-262.5950953836595,1.0,-1091.9743080152625,0.0
2022-08-26 00:00:00+00:00,979.1171734517385,0.0,BULL_TREND,-7.603534206616089,0.0,-18.371117401208387,1.0,-23.428265568976283,0.0
2022-08-29 00:00:00+00:00,979.1171734517385,0.0,BULL_TREND,3.2548197678735886,0.0,59.0184863150888,1.0,56.57410670074036,0.0
2022-08-30 00:00:00+00:00,979.1171734517385,0.0,BULL_TREND,-0.24496295476324476,0.0,81.6497793853758,1.0,62.135381603093265,0.0
2022-08-31 00:00:00+00:00,979.1171734517385,0.0,BULL_TREND,-1.1951214691109517,0.0,24.678117298433957,1.0,11.786498087831024,0.0
2022-09-01 00:00:00+00:00,979.1171734517385,0.0,BULL_TREND,11.40449623774753,0.0,134.9607243883076,1.0,99.6387234086157,0.0
2022-09-02 00:00:00+00:00,979.1171734517385,0.0,BULL_TREND,-5.269919912034969,0.0,23.235653382452043,1.0,46.302339810806174,0.0
2022-09-06 00:00:00+00:00,979.1171734517385,0.0,BULL_TREND,2.325012726667702,0.0,54.920117894139096,1.0,-64.01899263538945,0.0
2022-09-07 00:00:00+00:00,979.1171734517385,0.0,BULL_TREND,-2.8021938484724043,0.0,-13.097181357340396,1.0,-104.39163783018166,0.0
2022-09-08 00:00:00+00:00,979.1171734517385,0.0,BULL_TREND,-2.0444773088696224,0.0,-60.91174016011627,1.0,-97.26088744378752,0.0
2022-09-09 00:00:00+00:00,979.1171734517385,0.0,BULL_TREND,-4.6412028531467415,0.0,-57.879384967049724,1.0,-196.2193255851683,0.0
2022-09-12 00:00:00+00:00,979.1171734517385,0.0,BULL_TREND,0.6219408957020672,0.0,58.24786526427457,1.0,-43.91219428783836,0.0
2022-09-13 00:00:00+00:00,979.1171734517385,0.0,BULL_TREND,-11.358932027523718,0.0,-243.50259020683865,1.0,50.07093239435068,0.0
2022-09-14 00:00:00+00:00,979.1171734517385,0.0,BULL_TREND,4.008633830628979,0.0,115.85271418126676,1.0,-69.28396811689913,0.0
2022-09-15 00:00:00+00:00,979.1171734517385,0.0,BULL_TREND,3.503581026022924,0.0,100.6024610170902,1.0,79.96585194511046,0.0
2022-09-16 00:00:00+00:00,979.1171734517385,0.0,BULL_TREND,0.47470556520774776,0.0,42.0879055255321,1.0,-0.7972957464976862,0.0
2022-09-19 00:00:00+00:00,979.1171734517385,0.0,BEAR_TREND,-1.370467904874542,0.0,-88.20208596160549,1.0,-106.28524250787268,0.0
2022-09-20 00:00:00+00:00,979.1171734517385,0.0,BEAR_TREND,2.3995566606200063,0.0,28.551436188634934,1.0,67.64228812185502,0.0
2022-09-21 00:00:00+00:00,979.1171734517385,0.0,BEAR_TREND,1.3849660025904136,0.0,14.147330709965033,1.0,8.190024098794556,0.0
2022-09-22 00:00:00+00:00,979.1171734517385,0.0,BEAR_TREND,3.735518807296999,0.0,-24.987656728499598,1.0,150.30143060020487,0.0
2022-09-23 00:00:00+00:00,979.1171734517385,0.0,BEAR_TREND,5.392833320844089,0.0,148.04622627876373,1.0,52.77349943519916,0.0
2022-09-26 00:00:00+00:00,979.1171734517385,0.0,BEAR_TREND,-0.9467614241086277,0.0,-38.831588510972125,1.0,-14.830460084693737,0.0
2022-09-27 00:00:00+00:00,979.1171734517385,0.0,BEAR_TREND,-2.370302265029319,0.0,-132.90429984897116,1.0,-83.4920356208429,0.0
2022-09-28 00:00:00+00:00,979.1171734517385,0.0,BEAR_TREND,2.5911850703274064,0.0,-11.539018801136045,1.0,40.05089154593479,0.0
2022-09-29 00:00:00+00:00,979.1171734517385,0.0,BEAR_TREND,-0.5307000327508085,0.0,253.4263641121488,1.0,101.56606470379148,0.0
2022-09-30 00:00:00+00:00,979.1171734517385,0.0,BEAR_TREND,-1.2399379756718745,0.0,38.0419608731799,1.0,-67.19652395488545,0.0
2022-10-03 00:00:00+00:00,979.1171734517385,0.0,BEAR_TREND,1.0987857565520232,0.0,13.059547710701125,1.0,62.82598029228101,0.0
2022-10-04 00:00:00+00:00,979.1171734517385,0.0,BEAR_TREND,2.63811392193684,0.0,5.0394612020593,1.0,-86.29980120360901,0.0
2022-10-05 00:00:00+00:00,979.1171734517385,0.0,CHOP,4.321120205583224,0.0,121.0700695846082,1.0,159.55273166085246,0.0
2022-10-06 00:00:00+00:00,979.1171734517385,0.0,CHOP,0.9293431163324852,0.0,12.62085788362474,1.0,78.02870086649158,0.0
2022-10-07 00:00:00+00:00,979.1171734517385,0.0,CHOP,-10.028246846388553,0.0,18.849857330062015,1.0,87.05711708066481,0.0
2022-10-10 00:00:00+00:00,979.1171734517385,0.0,CHOP,3.979048207574634,0.0,-48.06789946723279,1.0,-18.460530636033514,0.0
2022-10-11 00:00:00+00:00,979.1171734517385,0.0,CHOP,4.976189234818893,0.0,143.02974606381395,1.0,170.74056761533498,0.0
2022-10-12 00:00:00+00:00,979.1171734517385,0.0,BEAR_TREND,-3.1065705369638446,0.0,-10.532152766640353,1.0,-55.81886059748759,0.0
2022-10-13 00:00:00+00:00,979.1171734517385,0.0,BEAR_TREND,1.981301857880529,0.0,-37.05320255386418,1.0,-9.127138056214578,0.0
2022-10-14 00:00:00+00:00,979.1171734517385,0.0,BEAR_TREND,1.5277681195065338,0.0,430.7430163541892,1.0,351.57670301617486,0.0
2022-10-17 00:00:00+00:00,979.1171734517385,0.0,BEAR_TREND,-9.766842703936794,0.0,-354.00629293349715,1.0,-363.53059010816094,0.0
2022-10-18 00:00:00+00:00,979.1171734517385,0.0,CHOP,0.192017382647789,0.0,-25.670171863003283,1.0,-25.511473913284227,0.0
2022-10-19 00:00:00+00:00,979.1171734517385,0.0,CHOP,2.907255059106239,0.0,130.7303885611083,1.0,38.182324518267386,0.0
2022-10-20 00:00:00+00:00,979.1171734517385,0.0,CHOP,1.896966547203123,0.0,29.00885972099868,1.0,171.2464209468669,0.0
2022-10-21 00:00:00+00:00,979.1171734517385,0.0,CHOP,3.560231221985203,0.0,164.9015630512401,1.0,160.99425828245373,0.0
2022-10-24 00:00:00+00:00,979.1171734517385,0.0,CHOP,-3.792261815384436,0.0,-189.87424174316922,1.0,-114.36448160279376,0.0
2022-10-25 00:00:00+00:00,979.1171734517385,0.0,CHOP,-4.104816697206652,0.0,-49.95362791304153,1.0,-217.46004071368543,0.0
2022-10-26 00:00:00+00:00,979.1171734517385,0.0,CHOP,-12.76196200874071,0.0,-96.94070720840628,1.0,126.3263546426152,0.0
2022-10-27 00:00:00+00:00,979.1171734517385,0.0,CHOP,18.575482051250216,0.0,356.1381641961911,1.0,533.1244391309657,0.0
2022-10-28 00:00:00+00:00,979.1171734517385,0.0,CHOP,-1.014580926026042,0.0,35.65302105818162,1.0,-22.98499173633417,0.0
2022-10-31 00:00:00+00:00,979.1171734517385,0.0,CHOP,-0.5758349558768289,0.0,266.70792165438894,1.0,200.8623112978864,0.0
2022-11-01 00:00:00+00:00,979.1171734517385,0.0,BEAR_TREND,1.7061005663233821,0.0,-23.755706878252095,1.0,26.85266120043663,0.0
2022-11-02 00:00:00+00:00,979.1171734517385,0.0,BEAR_TREND,5.826660427978245,0.0,179.36922903106347,1.0,215.49330794147974,0.0
2022-11-03 00:00:00+00:00,979.1171734517385,0.0,BEAR_TREND,10.783212339447013,0.0,103.69855637287881,1.0,201.39604257310833,0.0
2022-11-04 00:00:00+00:00,979.1171734517385,0.0,BEAR_TREND,0.5203110082241927,0.0,-73.06279601006227,1.0,-71.09515185339671,0.0
2022-11-07 00:00:00+00:00,979.1171734517385,0.0,BEAR_TREND,4.374284466973688,0.0,16.13040968377438,1.0,-97.76735232175828,0.0
2022-11-08 00:00:00+00:00,979.1171734517385,0.0,BEAR_TREND,2.416951043888765,0.0,121.22348347395233,1.0,123.7345121231035,0.0
2022-11-09 00:00:00+00:00,979.1171734517385,0.0,BEAR_TREND,5.25001818022073,0.0,283.6512938780936,1.0,32.322902265716266,0.0
2022-11-10 00:00:00+00:00,979.1171734517385,0.0,BEAR_TREND,-16.611912919241934,0.0,-123.25283050019762,1.0,-567.1230277817225,0.0
2022-11-11 00:00:00+00:00,979.1171734517385,0.0,CHOP,16.539228392792683,0.0,216.0629223418442,1.0,14.100798333004652,0.0
2022-11-14 00:00:00+00:00,979.1171734517385,0.0,CHOP,-2.0930535323684376,0.0,-45.815350290012326,1.0,34.618184787502756,0.0
2022-11-15 00:00:00+00:00,979.1171734517385,0.0,CHOP,7.340523799225361,0.0,64.62681867379708,1.0,113.18270676791978,0.0
2022-11-16 00:00:00+00:00,979.1171734517385,0.0,CHOP,-10.684500336577821,0.0,-209.86255284512046,1.0,-186.40027009776563,0.0
2022-11-17 00:00:00+00:00,979.1171734517385,0.0,CHOP,-2.3723349401228866,0.0,-187.63718855671607,1.0,-109.42666818348408,0.0
2022-11-18 00:00:00+00:00,979.1171734517385,0.0,BULL_TREND,7.551602316084187,0.0,-60.696987941079705,1.0,35.05172719774203,0.0
2022-11-21 00:00:00+00:00,979.1171734517385,0.0,BULL_TREND,8.59097168796389,0.0,246.88984177490605,1.0,331.01547277539936,0.0
2022-11-22 00:00:00+00:00,979.1171734517385,0.0,BULL_TREND,-2.9874231211042805,0.0,-48.68330684384739,1.0,18.316070492399618,0.0
2022-11-23 00:00:00+00:00,979.1171734517385,0.0,BULL_TREND,-5.42626998306587,0.0,-363.3349220662558,1.0,-303.5710495561807,0.0
2022-11-25 00:00:00+00:00,979.1171734517385,0.0,BULL_TREND,1.832536936981067,0.0,24.86108685199967,1.0,-23.892740290362724,0.0
2022-11-28 00:00:00+00:00,979.1171734517385,0.0,BULL_TREND,0.8209598206901856,0.0,-23.70704437554755,1.0,-77.38091074478791,0.0
2022-11-29 00:00:00+00:00,979.1171734517385,0.0,BULL_TREND,-0.8106149454019695,0.0,21.378445062564854,1.0,50.38824010203736,0.0
2022-11-30 00:00:00+00:00,979.1171734517385,0.0,BULL_TREND,-14.931737592489117,0.0,206.19009351961938,1.0,-327.05227742115227,0.0
2022-12-01 00:00:00+00:00,979.1171734517385,0.0,BULL_TREND,3.2804216331815503,0.0,40.7328712867267,1.0,126.78015669757848,0.0
2022-12-02 00:00:00+00:00,979.1171734517385,0.0,BULL_TREND,4.292458276693423,0.0,75.24520718101029,1.0,98.7620406448443,0.0
2022-12-05 00:00:00+00:00,979.1171734517385,0.0,BULL_TREND,1.6693730174672965,0.0,78.47461714573429,1.0,162.44538489050623,0.0
2022-12-06 00:00:00+00:00,979.1171734517385,0.0,BULL_TREND,-2.9363629697507485,0.0,-201.29180494519207,1.0,-121.21833399852348,0.0
2022-12-07 00:00:00+00:00,979.1171734517385,0.0,BULL_TREND,3.979138314485332,0.0,61.15556174888418,1.0,156.02125298301598,0.0
2022-12-08 00:00:00+00:00,979.1171734517385,0.0,BULL_TREND,0.8480312648743902,0.0,33.63884048407975,1.0,92.04874657442522,0.0
2022-12-09 00:00:00+00:00,979.1171734517385,0.0,BULL_TREND,-7.5629391592410515,0.0,-156.33025962358755,1.0,-84.29243110299386,0.0
2022-12-12 00:00:00+00:00,979.1171734517385,0.0,BULL_TREND,-5.091117642361801,0.0,205.2997354279332,1.0,48.549521728166226,0.0
2022-12-13 00:00:00+00:00,979.1171734517385,0.0,BULL_TREND,0.6928857983218122,0.0,33.9084980907743,1.0,123.92749537291051,0.0
2022-12-14 00:00:00+00:00,979.1171734517385,0.0,BULL_TREND,0.4449854159369918,0.0,35.80018332415533,1.0,77.94982346262867,0.0
2022-12-15 00:00:00+00:00,979.1171734517385,0.0,BULL_TREND,-5.851555033862088,0.0,-243.49478153077288,1.0,-183.8954850688704,0.0
2022-12-16 00:00:00+00:00,979.1171734517385,0.0,BULL_TREND,-0.2887499026593955,0.0,195.4084286413858,1.0,122.18550497880139,0.0
2022-12-19 00:00:00+00:00,979.1171734517385,0.0,BULL_TREND,0.7105629680562657,0.0,-7.670493200527143,1.0,-60.14981930123233,0.0
2022-12-20 00:00:00+00:00,979.1171734517385,0.0,BULL_TREND,5.212140691873296,0.0,306.75746773587196,1.0,257.06956123043733,0.0
2022-12-21 00:00:00+00:00,979.1171734517385,0.0,BULL_TREND,-0.8215073162264321,0.0,4.979857501018118,1.0,66.94161757088162,0.0
2022-12-22 00:00:00+00:00,979.1171734517385,0.0,BULL_TREND,2.216231924600901,0.0,448.0380540262656,1.0,356.28272174338264,0.0
2022-12-23 00:00:00+00:00,979.1171734517385,0.0,BULL_TREND,1.6941209876028174,0.0,108.01195515960238,1.0,89.20308612041553,0.0
2022-12-27 00:00:00+00:00,979.1171734517385,0.0,BULL_TREND,10.450477934250573,0.0,633.9592203440318,1.0,632.0113423380923,0.0
2022-12-28 00:00:00+00:00,979.1171734517385,0.0,BULL_TREND,-0.4548787405990676,0.0,-226.84062047005304,1.0,-169.72502532325768,0.0
2022-12-29 00:00:00+00:00,979.1171734517385,0.0,BULL_TREND,-14.39372865593486,0.0,-367.5882071681577,1.0,-421.4193293116366,0.0
2022-12-30 00:00:00+00:00,979.1171734517385,0.0,BULL_TREND,0.30510792802735026,0.0,-68.43524136679575,1.0,-62.834365412339224,0.0
